2015/11/9,2015/11/10,2015/11/11,2015/11/12,2015/11/13,2015/11/14,2015/11/15,2015/11/16,2015/11/17,2015/11/18,2015/11/19,2015/11/20,2015/11/21,2015/11/22,2015/11/23,2015/11/24,2015/11/25,2015/11/26,2015/11/27,2015/11/28,2015/11/29,2015/11/30,2015/12/1,2015/12/2,2015/12/3,2015/12/4,2015/12/5,2015/12/6,2015/12/7,2015/12/8,2015/12/9,2015/12/10,2015/12/11,2015/12/12,2015/12/13,2015/12/14,2015/12/15,2015/12/16,2015/12/17,2015/12/18,2015/12/19,2015/12/20,2015/12/21,2015/12/22,2015/12/23,2015/12/24,2015/12/25,2015/12/26,2015/12/27,2015/12/28,2015/12/29,2015/12/30,2015/12/31,20160101,20160102,20160103,20160104,20160105,20160106,20160107,20160108,20160109,20160110,20160111,20160112,20160113,20160114,20160115,20160116,20160117,20160118,20160119,20160120,20160121,20160122,20160123,20160124,20160125,20160126,20160127,20160128,20160129,20160130,20160131,20160201,20160202,20160203,20160204,20160205,20160206,20160207,20160208,20160209,20160210,20160211,20160212,20160213,20160214,20160215,20160216,20160217,20160218,20160219,20160220,20160221,20160222,20160223,20160224,20160225,20160226,20160227,20160228,20160229,20160301,20160302,20160303,20160304,20160305,20160306,20160307,20160308,20160309,20160310,20160311,20160312,20160313,20160314,20160315,20160316,20160317,20160318,20160319,20160320,20160321,20160322,20160323,20160324,20160325,20160326,20160327,20160328,20160329,20160330,20160331,20160401,20160402,20160403,20160404,20160405,20160406,20160407,20160408,20160409,20160410,20160411,20160412,20160413,20160414,20160415,20160416,20160417,20160418,20160419,20160420,20160421,20160422,20160423,20160424,20160425,20160426,20160427,20160428,20160429,20160430,20160501,20160502,20160503,20160504,20160505,20160506,20160507,20160508,20160509,20160510,20160511,20160512,20160513,20160514,20160515,20160516,20160517,20160518,20160519,20160520,20160521,20160522,20160523,20160524,20160525,20160526,20160527,20160528,20160529,20160530,20160531,20160601,20160602,20160603,20160604,20160605,20160606,20160607,20160608,20160609,20160610,20160611,20160612,20160613,20160614,20160615,20160616,20160617,20160618,20160620,20160621,20160622,20160623,20160624,20160625,20160626,20160627,20160628,20160629,20160630,20160701,20160702,20160703,20160704,20160705,20160706,20160707,20160708,20160709,20160710,20160711,20160712,20160713,20160714,20160715,20160716,20160717,20160718,20160719,20160720,20160721,20160722,20160723,20160724,20160725,20160726,20160727,20160728,20160729,20160730,20160731,20160801,20160802,20160803,20160804,20160805,20160806,20160807,20160808,20160809,20160810,20160811,20160812,20160813,20160814,20160815,20160816,20160817,20160818,20160819,20160820,20160821,20160822,20160823,20160824,20160825,20160826,20160827,20160828,20160829,20160830,20160831,20160901,20160902,20160903,20160905,20160906,20160907,20160908,20160909,20160910,20160911,20160912,20160913,20160914,20160915,20160916,20160917,20160918,20160919,20160920,20160921,20160922,20160923,20160924,20160925,20160926,20160927,20160928,20160929,20160930,20161001,20161002,20161003,20161004,20161005,20161006,20161007,20161008,20161009,20161010,20161011,20161012,20161013,20161014,20161015,20161016,20161017,20161018,20161019,20161020,20161021,20161022,20161023,20161024,20161025,20161026,20161027,20161028,20161029,20161030,20161031,20161101,20161102,20161103,20161104,20161105,20161106,20161108,20161109,20161201,20161202
1,1,1,2,2,1,1,1,1,1,2,2,1,1,3,2,2,2,2,1,1,1,1,1,2,2,1,1,1,1,1,2,2,1,1,1,1,3,2,2,1,1,1,1,2,2,2,2,1,1,1,1,1,2,2,2,1,1,1,1,1,2,2,1,1,1,1,1,2,2,1,1,1,1,1,2,2,1,1,1,1,1,2,2,1,1,1,1,1,2,2,1,1,1,1,3,2,2,1,1,1,1,1,2,2,1,1,1,1,1,2,2,1,1,1,1,3,2,2,1,1,1,1,3,2,2,3,3,3,3,3,2,2,3,3,3,3,3,2,2,3,3,3,3,3,2,2,3,3,3,3,3,2,2,3,3,3,3,3,2,2,3,3,3,3,3,2,2,3,3,3,3,3,2,2,3,3,3,3,3,2,2,3,3,3,3,3,2,2,3,3,3,3,3,2,2,3,3,3,3,3,2,2,2,3,3,3,3,2,2,3,3,3,3,3,2,2,3,3,3,3,3,2,3,3,3,3,3,2,2,3,3,3,3,3,2,2,2,3,3,3,3,2,2,3,3,3,3,3,2,2,3,3,3,3,3,2,2,3,3,3,3,3,2,2,3,3,3,3,3,2,2,3,3,3,3,3,2,2,3,3,3,3,3,2,2,3,3,3,3,3,2,2,3,3,3,3,3,2,2,3,3,3,3,2,2,3,3,3,3,3,2,2,3,3,3,3,3,2,2,3,3,3,3,3,2,2,3,3,3,3,3,2,2,3,3,3,3,3,2,2,3,3,3,3,3,2,2,3,3,3,3,3,2,2,3,3,3,3,3,2,2,3,3,1,1
815,882,898,976,915,597,860,877,783,864,971,901,566,807,910,874,927,724,713,609,822,823,853,822,907,787,533,830,756,822,741,898,840,555,942,841,823,944,1056,953,590,916,1001,1049,1012,894,695,510,665,686,804,748,579,1855,1490,746,495,822,788,849,908,1014,698,430,848,871,780,833,870,825,467,731,818,768,857,936,721,501,692,715,769,777,892,744,449,693,1042,746,886,848,848,485,760,742,769,823,928,915,614,767,831,857,927,975,889,498,698,780,748,789,806,773,487,735,853,833,887,826,932,494,801,806,785,1006,857,1222,818,1176,1223,1196,1239,1427,1541,875,1110,1332,1404,1436,1755,1328,942,1345,1335,1312,1534,1460,1315,851,1254,1166,1278,1600,1447,1088,884,1418,1155,1196,1328,1678,1156,1275,1097,1188,1328,1326,1559,1365,1005,1153,1138,1392,1762,1817,1352,933,1080,1162,1213,1279,1556,1444,848,1555,1294,1253,1281,1859,1487,1088,1273,1341,1879,1374,2007,1264,860,1170,1260,1305,1415,1660,1347,1125,910,1322,1262,1363,1967,1444,961,1307,1306,1342,1582,2006,1614,1055,1180,1548,1407,1750,1540,1133,1254,1246,1240,1281,1522,1598,1809,1627,1358,1413,1555,1689,1297,1210,1749,1361,1354,1463,1843,1458,1061,1298,1381,1510,1464,1868,1570,1289,1502,1362,1476,1757,1580,2482,1434,1431,1502,1490,1543,1764,1658,1229,1276,1268,1349,1824,1602,1599,1055,1359,1482,1420,1653,2532,1481,1178,1218,1283,1393,1949,1909,1398,1424,1226,1428,1372,1701,1665,1361,1091,1147,1244,1295,1509,1618,1454,830,1192,1253,1473,1579,1445,912,1118,1153,1222,1435,1580,1691,847,1283,1438,1155,1177,1494,1399,862,1058,1243,1128,1380,1665,1518,977,1060,1177,1089,1226,1512,1276,836,1080,1289,1165,1137,1423,1018,797,1143,1145,1332,1264,1634,1453,817,1255,1152,1207,1158,1406,1492,798,1023,1090,1113,1261,1629,1551,820,998,849,823
634,668,654,769,680,518,628,578,636,649,685,674,452,668,813,726,779,512,668,422,590,618,652,630,719,603,427,575,501,640,454,680,614,467,658,630,640,734,771,733,486,740,636,743,752,716,456,398,517,595,629,685,435,1237,603,562,467,604,740,737,704,668,533,345,665,696,694,697,653,573,363,612,639,697,762,698,624,357,665,651,695,753,689,619,443,640,702,720,716,710,630,420,704,700,753,726,722,625,633,697,705,783,756,821,722,383,709,710,696,728,719,624,393,780,703,764,754,770,679,523,694,700,799,897,704,766,555,809,859,860,944,1043,866,527,912,918,908,1454,1070,853,581,850,905,777,998,913,823,568,885,879,969,929,855,735,514,888,885,858,883,1299,769,659,571,886,927,914,853,826,615,776,871,829,1120,1236,905,574,781,776,907,980,1434,888,515,929,904,859,879,1004,771,557,880,973,1380,989,1898,800,548,887,865,883,1003,896,828,712,506,920,922,1008,1671,888,592,932,982,938,1044,1767,910,654,854,987,956,954,1023,683,907,907,918,972,1085,981,1313,849,1013,1052,1135,1020,943,747,811,894,961,1084,1201,876,661,897,1027,975,1029,1075,979,765,991,1100,1150,1096,1030,1049,790,945,967,1206,1052,1046,1089,792,890,848,1021,1140,1090,1023,653,982,1010,947,1125,1734,838,652,931,966,954,1074,1051,947,906,834,974,874,968,1152,803,684,859,861,901,997,1085,869,584,796,930,892,1019,877,544,722,853,897,930,1047,822,545,816,803,773,875,925,795,645,714,802,891,904,983,854,655,770,787,902,875,898,961,583,817,765,874,911,997,654,525,770,763,917,941,941,1003,557,856,840,827,885,952,945,471,829,903,722,850,896,904,820,792,651,630
607,625,579,584,472,529,543,657,583,619,609,498,546,602,737,497,695,440,435,559,640,650,650,630,634,484,500,596,505,620,527,567,483,576,604,655,586,658,632,531,515,689,705,707,690,529,317,325,478,575,559,589,489,738,428,372,442,553,587,546,666,498,357,409,547,567,620,628,528,425,403,492,579,601,627,519,416,431,497,564,544,586,566,437,445,561,528,582,638,605,430,440,560,545,584,580,618,448,519,573,648,577,619,523,495,417,630,590,590,576,526,435,503,547,547,643,638,493,454,491,596,584,594,689,594,951.4375,438,745,675,760,809,725,662,419,681,730,659,759,741,595,423,712,734,699,790,722,613,669,642,636,639,712,640,575,490,607,635,625,685,1006,632,440,755,686,728,656,679,610,370,670,611,724,826,633,647,409,537,537,597,683,790,675,461,600,669,771,731,740,631,573,716,718,812,727,841,664,447,717,714,781,779,641,535,538,490,776,686,674,728,629,453,735,644,655,832,1147,676,546,686,714,517.9675293,719,702,541,744,701,742,711,734,836,515,781,806,810,854,767,692,518,586,748,820,763,920,744,578,762,853,862,928,901,725,535,739,804,831,855,721,865,641,794,791,1019,965,795,740,640,744,702,824,854,802,647,520,766,771,759,894,900,618,590,715,738,771,854,809,685,589,711,732,839,778,775,666,502,603,662,717,840,768,546,440,687,750,838,698,663,442,664,629,666,788,885,644,431,670,674,639,710,698,617,496,654,663,678,686,777,600,465,599,586,590,641,692,626,412,578,562,666,659,551,551,369,587,622,549,653,738,671,432,611,596,616,661,728,843,451,677,610,664,702,641,483,605,687,650,630
985,982,799,617,491,897,939,933,927,998,688,444,956,920,975,519,1101,604,492,912,812,937,1101,936,745,549,945,807,850,868,780,609,453,953,894,887,851,923,751,543,900,946,980,974,926,530,263,450,833,780,861,802,890,518,401,467,809,867,859,813,947,612,443,856,777,818,881,897,576,412,826,846,838,795,909,659,486,831,856,889,834,895,639,470,868,849,931,843,956,636,400,847,895,949,930,892,652,426,761,926,981,917,1041,699,419,830,895,895,890,938,611,448,890,922,998,960,1031,687,449,897,942,915,965,1109,641,693,457,611,735,611,698,577,499,497,620,688,624,661,581,429,586,591,575,628,711,495,382,594,565,638,548,690,497,415,447,578,566,629,646,493,389,581,557,723,623,612,540,447,483,581,588,579,597,581,507,561,585,654,625,655,496,438,523,668,749,748,794,587,392,556,710,713,639,822,572,575,533,674,688,740,711,579,498,484,531,773,773,720,572,464,555,708,666,655,744,646,456,578,610,684,718,718,582,552,677,718,749,712,539,561,578,650,652,764,805,698,526,419,498,616,712,754,616,563,545,619,683,631,862,703,559,611,710,760,775,776,628,558,775,782,755,793,835,660,542,656,669,652,773,744,562,492,593,694,694,705,780,659,537,563,688,703,719,774,644,558,581,667,696,690,806,734,506,561,671,706,738,756,721,519,501,573,730,693,672,535,504,636,664,715,702,612,525,472,586,609,631,671,617,540,540,585,607,682,673,579,445,493,619,626,609,711,576,445,536,626,642,618,688,668,411,514,629,624,626,637,630,469,551,572,549,636,676,579,606,570,603,636,636,652,579,401,553,712,1101,936
2405,2415,2083,964,666,2544,2264,2374,2345,2273,1247,795,2467,2355,2437,832,1425,891,677,2403,2296,2351,2273,2109,1174,804,2309,2028,2057,2290,1581,994,594,2312,2252,2151,2181,1991,955,660,2190,2258,2379,2111,1710,686,381,817,1796,1765,1743,1624,2527,600,437,558,2088,2451,2147,2126,1966,1027,590,2227,2060,2192,2161,1997,987,607,1991,2137,2203,2164,1981,1127,729,2248,2197,2204,2142,2062,1062,621,2285,2118,1989,2088,2020,872,579,2218,2227,2163,2190,2057,985,651,1886,2207,2277,2247,2033,1012,624,2256,2221,2254,2198,2126,933,612,2174,2177,2269,2167,2055,1043,573,2367,2208,2196,2261,2211,919,590,950,1027,1068,1099,1100,733,432,924,982,1022,1016,1019,703,405,973,955,939,921,1012,701,477,903,916,932,998,1045,652,435,982,943,983,949,1022,824,466,934,943,566.4786377,937,963,684,435,961,999,988,998,1073,755,538,1007,1032,1045,950,1140,827,388,963,950,970,1154,1137,831,439,924,1049,1105,995,1094,650,493,997,1088,1111,1183,1148,698,476,506,1019,1295,1049,1060,842,523,1058,1023,1050,1002,1162,728,550,1021,984,1029,1002,1040,678,1027,1019,1064,1101,1057,829,527,1087,1055,1099,1109,1230,1008,513,512,948,1018,1058,1041,740,576,1007,989,1034,1080,1290,919,563,999,1087,1071,1152,1162,808,596,1163,1235,1174,1162,1138,855,583,1148,1118,965,1190,1255,870,523,1122,1128,1165,1151,1203,924,554,1221,1116,1020,1158,1194,870,539,1126,1184,1139,1129,1129,906,583,1107,1133,1041,1161,1104,725,537,1041,1079,1170,1108,907,639,1045,992,1065,1062,1072,802,466,1017,1002,1005,963,1096,881,629,1029,1037,1040,1031,1025,750,452,1035,966,983,939,1010,706,480,873,1031,934,955,913,652,440,995,919,964,950,960,730,515,986,972,828,911,926,672,519,1010,1017,1005,992,965,698,437,867,1413,2273,2109
3892,3997,3498,1648,1103,3838,3677,3770,3797,3520,1776,1320,3825,3721,3835,1229,2203,1731,1342,4034,3805,3815,3942,3630,2125,1378,3831,3576,3591,3907,2970,2182,1270,3775,3788,3652,3497,3593,1780,1154,3539,3472,3461,3485,2697,1176,726,1529,3071,3104,2990,2907,3912,952,594,1074,3444,4022,3471,3613,3447,1813,1154,3674,3617,3479,3599,3391,1660,983,3302,3664,3627,3502,3356,1970,1283,3732,3607,3662,3540,3633,1834,1177,3739,3821,3342,3735,3650,1557,970,3662,3964,3892,3914,3444,1808,1012,3193,3923,3789,3737,3553,1902,1158,3970,3749,3900,3951,3772,1808,1079,3089,3812,3862,3979,3787,1846,1165,3877,4008,3925,3992,3894,1750,684,2600,2512,2489,2414,2443,1216,754,2506,2478,2505,2465,2236,970,580,2456,2546,2403,2411,2337,1157,709,2504,2370,2444,2352,2211,1003,621,2464,2388,2424,2313,2382,1353,732,2624,2494,2562,2550,2292,1188,665,2527,2467,2498,2625,2450,1122,710,2714,2530,2641,2545,2305,1326,679,2722,2527,2570,2596,2493,1411,758,2655,2551,2614,2584,2420,1191,737,2706,2694,2646,2588,2450,1098,688,916,2791,2720,2698,2658,1337,717.3599854,2717,2573,2674,2552,2572,1333,815,2794,2675,2668,2644,2573,1173,2946,2632,2711,2461,2416,1280,826,2841,2683,2674,2725,2526,1395,869,964,2232,2736,2538,2501,1373,854,2810,2579,2720,2753,2608,1609,854,2885,2808,2783,2788,2580,1344,932,2914,2715,2728,2740,2482,1415,731,2798,2671,2554,2771,2542,1375,803,2836,2569,2752,2839,2716,1429,901,2962,2850,2686,2733,2645,1512,952,2946,2718,2634,2794,2611,1328,834,2844,2644,2540,2680,2396,1245,757,2694,2747,2757,2676,1494,841,2732,2454,2649,2696,2657,1127,659.744873,2774,2612,2537,2464,2423,1225,837,2844,2672,2702,2487,2441,1201,712,2681,2501,2635,2656,2501,1046,718,2598,2700,2593,2556,2335,1029,649,2556,2427,2565,2380,2346,1290,802.5894165,2613,2538,2509,2541,2358,1008,639,2516,2431,2552,2454,2554,1098,748,2451,3092,3942,3630
4464,4621,4100,2564,1649,4574,4397,4733,4847,4542,2986,1561,4591,4622,4626,1797,3167,2308,1896,4734,4715,4671,4689,4357,2977,1754,4107,4205,4351,4502,3098,2679,1661,4256,4533,4454,4590,4205,2608,1461,4050,4150,4528,4307,3626,1809,1210,2132,3870,3998,3972,3771,4650,1409,1117,1505,3911,4760,4278,4212,4454,2769,1556,4469,4365,4161,4384,4215,2636,1403,3749,4406,4311,4334,4098,2633,1495,4486,4301,4319,4388,4217,2807,1720,4242,4479,4191,4430,4462,2861,1540,4604,4617,4570,4501,4346,3187,1591,3463,4467,4475,4682,4385,2837,1728,4686,4664,4600,4490,4292,2888,1539,4228,4271,4756,4915,4724,3169,1721,4614,4496,4588,4378,4633,3088,1033,3821,3879,3920,3826,3908,2169,1282,3932,3852,3961,3979,3727,1875,1074,3868,3918,4040,4041,3755,2468,1144,3719,3668,3685,3741,3529,1982,1222,3998,3946,3999,4017,3954,2405,1372,3970,4104,4116,4059,3938,2248,1034,4027,4180,3999,4041,3791,2138,1223,3990,4013,3868,4101,3993,2576,1142,3970,4019,4038,4126,4078,2578,1414,3936,3843,4059,4040,3973,2374,1328,3997,4183,4149,4163,4013,1623,1301,1482,4148,3970,4264,4375,2502,1275.291992,4198,4068,4295,4105,4130,2867,1564,4094,4121,4256,4121,3956,1988,4010,3970,4012,3756,3875,2376,1438,3995,3923,4006,3982,3985,2414,1423,1286,3421,3868,4158,3944,2412,1373,3991,4052,4143,4031,4098,2338,1424,3857,4123,4044,4125,3882,2564,1610,4229,4018,4258,4374,3980,2348,1425,4091,3913,3770,4100,4091,2437,1406,4010,3962,4109,4108,4267,2761,1548,4199,4025,4111,4060,3819,2676,1577,3867,4012,4009,4203,4161,2340,1358,3910,3845,4021,3795,3668,2111,1375,3865,3974,3330,4008,2456,1531,4062,3868,4108,4128,4054,1994,1268,4023,3990,4000,4183,3977,2150,1432,4097,3929,4180,4014,3913,1881,1107,4025,3854,4019,3933,3818,1862,1160,3859,3940,4023,3728,3624,1612,1014,3839,3729,3948,3651,3780,2152,1167,3879,3947,3868,3963,3714,1923,1139,3654,3840,3850,3868,3770,1623,1377,4022,4216,4689,4357
4541,4917,4863,4042,2484,4581,4529,4569,4994,4879,4323,2423,4588,4800,4701,3010,4305,3507,2723,4353,4622,4638,4718,4453,4145,2479,4460,4302,4590,4229,3578,3647,2338,4403,4387,4596,4560,4648,3811,2237,4095,4492,4857,4607,4194,3058,2115,2879,4358,4536,4200,4343,4288,2019,1906,2046,3831,4652,4313,4440,4294,3546,2389,4317,4298,4364,4607,4499,3950,2334,3918,4646,4352,4135,4339,3875,2182,4455,4276,4458,4513,4313,3934,2309,4316,4634,4310,4556,4374,4029,2217,4546,4673,4863,4844,4904,4703,2532,3876,4763,4828,4668,4610,4259,2586,4611,4808,4677,4728,4738,4201,2392,5221,4460,4602,5032,5087,4551,2443,4428,4661,4613,4616,5113,4508,1528,4402,4465,4540,4551,4480,3863,2025,4590,4520,4598,4631,4557,3151,1627,4698,4691,4645,4807,4972,4048,2100,4600,4768,4573,4790,4851,3908,2146,4821,4614,4739,5151,4839,3991,2177,4818,4772,4747,5020,4717,4095,1862,4549,4898,4850,5076,4584,3542,1904,4806,4693,4511,4653,4979,4005,1765,4908,4779,4757,4881,4756,4072,1968,4901,5021,4867,4964,5046,3751,1947,4837,4839,4854,4836,4802,2743,2152,2252,4879,4885,5009,4960,4145,2354,4714,4910,4962,4997,4713,3987,2250,4722,4755,4938,5019,4937,3612,4820,4869,4927,5013,4895,4119,2183,5107,5189,4940,5112,4926,4053,2404,1848,4465,4855,4804,4779,3924,2135,4787,4729,5068,5294,5085,3892,2181,4821,4935,5219,5253,4900,3939,2607,4932,4769,4862,5070,5093,4306,2247,4990,4882,4486,5168,5175,4534,2409,4785,4876,5123,5359,5376,4790,2658,5129,5011,5079,5386,5316,4497,2584,5005,4878,5007,5376,4978,4431,2411,4908,4888,4986,5003,4911,3760,2004,4672,4794,4825,5008,3943,2207,5064,4529,4770,5283,5154,3298,2039,4888,4928,4949,5182,4997,3879,2444,5187,4953,4974,4967,4805,3291,2061,4895,4536,4744,4863,4674,3717,2048,4679,4757,4837,4530,4347,2514,1577,4568,4410,4627,4423,4486,3405,1834,4680,4499,4413,4710,4656,2805,1596,4351,4485,4606,4529,4486,2743,2352,4760,4826,4718,4453
4356,5256,5822,5838,3817,4963,4795,4859,5058,5239,5479,3781,5124,5149,5611,4709,6033,4867,3971,4813,4814,4783,5003,5008,5644,3697,4525,4438,4528,4665,3719,5222,3643,4760,4745,4753,4956,5226,5488,3530,4753,4984,5374,5532,5023,4461,3522,4668,5009,5153,4884,5072,4748,3089,2944,3158,4141,5189,4370,4757,4769,5096,4075,4203,4380,4298,4804,4678,5206,4255,4518,4715,4481,4480,5033,4891,3301,4549,4356,4585,4579,4961,5648,3471,4537,4718,4715,4868,4774,5312,3390,4947,4839,4840,5057,5134,6756,4016,4947,5112,4895,5123,5009,5743,3790,4820,4800,5063,5209,5264,5837,3611,5083,4718,4918,5102,5411,6255,3872,4591,4490,4764,4923,5475,5672,2256,4505,4633,4876,4890,5023,5190,2698,4551,4951,4589,4830,5234,4987,2805,4810,4879,4727,5104,5234,6497,4142,4643,4869,5232,5839,5577,7312,4092,4952,4953,5004,5088,5350,5438,3825,4853,4827,4967,4958,4954,6068,2616,4391,4782,4898,4884,4809,4881,2963,4851,4716,4822,5176,4853,4902,3396,4865,4767,4679,4999,5109,5724,2795,4830,4864,4785,4995,5060,4901,2863,4855,4882,4967,5040,5190,3998,3260,3316,4998,4962,5033,5204,5361,3590,4852,4863,5124,5205,4930,4986,3370,4673,4722,4959,5066,5276,4632,4929,4942,5132,4982,4786,5734,3753,5081,5023,5010,5006,5440,6264,3758,2736,4520,5096,4984,4898,5248,3498,4828,4798,4900,5181,5394,5663,3516,4780,4971,5045,5135,5171,5716,3638,4802,4874,4974,5124,5361,6198,3380,5131,4987,4740,5120,5535,6230,3553,4770,4873,5013,5134,5780,6616,4277,5203,5172,5149,5468,5569,6590,3670,4891,4839,5138,5196,5530,6134,3306,4907,4532,4794,5134,4903,5425,3066,4800,4882,4817,5212,5420,3199,4654,4701,4856,5158,5211,4976,3482,4893,4991,4996,5034,5051,5490,3668,4998,4897,4773,4998,4950,5479,3194,4612,4299,4709,4901,4887,4998,2981,4444,4857,4756,4446,4416,3344,2113,4560,4554,4889,4623,4853,5389,2766,4474,4750,4396,4591,4675,4158,2538,4208,4269,4554,4701,4740,3998,3607,4652,4867,5003,5008
5207,5696,7048,7659,5157,5390,4961,5385,5428,5729,6779,5350,5798,5877,6584,7456,7318,6182,5347,5329,5150,5091,5610,5632,6570,5007,5001,5134,5269,5111,4455,6515,4767,4925,5004,5283,5419,6019,6584,4871,5535,5981,6071,6248,6487,6082,4834,6703,6557,6225,6144,6711,5210,4389,4637,4686,4924,5586,4877,5105,5746,6565,4075,4825,4791,4804,4965,5452,6657,3689,5431,4991,5044,4859,5352,6183,4594,5127,4778,5015,4831,5372,6631,4999,5197,5107,4906,4930,5535,6718,4513,5521,5453,4953,5452,5946,8365,5654,5763,5556,5440,5455,5737,7185,4927,5026,5377,5295,5848,6050,7090,5015,5228,5128,5394,5435,5821,7592,5162,4974,5660,5246,5216,6109,6867,3236,4745,4668,5079,5360,5866,6912,3977,4787,4895,4991,5320,5778,6735,4376,5402,5350,5305,5858,6457,8861,6638,5100,5654,5972,6679,6951,9509,6664,5365,5296,5591,5614,6226,6538,4976,5388,5070,5101,5289,5613,7066,2543,4686,4540,4980,5628,5286,5388,4347,4992,4869,5067,5054,5954,5354,4353,5197,5157,5198,5287,5678,7027,4134,4990,4988,5238,5212,5621,5127,3985,5219,5316,5068,5598,6292,5485,4971,5055,5578,5242,5433,5664,5871,5002,5238,5215,5757,5456,5812,5173,4317,5225,5170,5440,5518,6036,6094,5810,5532,5494,5363,5653,7144,5581,5567,5329,5702,5953,6838,8271,5552,4468,5524,5562,5625,5811,7213,4802,5225,5353,5476,5763,6216,7368,5302,5451,5367,5627,6054,5749,7849,6022,5623,5389,5679,5909,6194,8167,5180,5775,5295,5348,5971,6608,8055,4989,5473,5282,5789,6118,6617,8376,5869,5608,5739,5607,5978,6674,8102,5136,5520,5403,5451,5868,6585,7591,5244,5087,5172,5228,5408,5382,7400,4480,5152,5196,5500,5734,7139,4763,5438,4783,5370,5686,5920,6423,5392,5283,5262,5336,5777,5588,6860,5362,5342,5136,4908,4988,5396,6699,4834,4922,4827,4868,5063,5405,6605,4447,5150,4728,5097,4741,4726,4212,3233,5010,4745,4941,4808,5399,7551,4218,4813,4941,4433,4922,5089,5287,4228,4443,4589,4671,4783,5348,5485,5497,5189,4949,5610,5632
5966,5894,7908,7728,6152,5626,5769,5861,5744,7003,7396,6127,6062,6015,7697,8547,7021,7141,6498,5511,5624,5365,6065,6492,7226,5982,5440,5356,5605,5768,5110,6893,5705,5368,6075,5920,5964,6581,7044,6027,6134,6130,6710,6899,7142,7196,6480,7889,7514,7229,7158,7972,5470,6089,5686,5650,5590,5898,5416,5555,5953,7166,3850,5136,5235,5181,5652,6323,7633,3701,5881,5309,5554,5358,6348,7228,5695,5373,5306,5405,5581,6149,7581.35498,6081,5217,5467,5366,5656,6119,7544,5277,6092,5754,5304,5794,6830,9074,6790,6343,5884,5516,5887,6253,7853,5673,5542,5557,5720,5998,6604,7735,6021,5763,5459,5624,5750,6570,7667,6100,5576,5703,5790,5965,6869,7671,4301,4918,5026,5372,5918,6771,8058,5431,5363,5632,5466,5748,6828,8191,6296,6390,6277,6750,7283,7830,9637,8300,6304,6556,7389,8634,8334,9235,8731,6542,5755,6325,6578,7252,7942,6396,6525,5664,5726,6033,6437,8069,3687,5452,5275,5409,6107,6031,5873,5101,5681,5257,5254,5590,6646,5301,4606,5522,5474,5503,5820,6435,8123,5851,5358,5464,5373,5890,6658,5527,5505,6005,5391,5899,5969,7482,6858,6800,6303,5840,5810,5804,6996,6578,5914,5568,5699,6053,6016,7135,5878,5200,5772,5712,6062,6336,6917,7372,6191,5973,6273,6608,6698,8372,6561,6235,6278,6414,7016,8023,9221,7756,5625,6668,6583,6849,6996,8190,6718,6065,6227,6490,6915,7612,9054,6790,6588,6443,6694,7002,7211,8728,7959,6544,6552,6592,7146,7632,8588,6501,7257,6468,6249,7127,7950,8755,6908,6065,6345,6716,6944,8259,9234,7324,6829,6672,6601,6872,8014,9039,6401,6485,6389,6486,7129,7828,8689,6793,6220,6197,6107,6391,6762,8041,6534,5994,5822,6094,6960,8535,5918,6072,5287,5797,6340,6890,7619,6660,5917,5725,5940,6391,6156,7861,5832,5765,5663,5465,5813,6456,8130,5406,5581,5461,5417,5769,6387,7941,5915,5875,5581,5807,4946,5479,5345,4738,5639,5260,5438,5146,6389,8493,5566,5369,5565,4966,5389,5985,6559,5108,4767,4993,5058,5287,6249,6858,5984,5586,5503,6065,6492
6600,6630,8234,7515,7099,6185,6325,6296,6453,7357,7810,6725,6318,6700,8896,8009,6940,7624,7569,6130,6238,6194,6404,6767,7291,6491,5758,5912,6279,6143,6218,6944,6355,5925,5946,6043,6285,7664,7517,6610,6584.312012,6614,7264,8085,7052,7815,7533,7436,7924,7634,7622,8164,5948,6854,6199,6568,5962,6305,6072,6022,6596,7475,4266,5860,5544,6007,5912,6922,7608,3983,6277,5614,5896,5933,6715,7005,6193,5821,5550,6079,6043,7124,7176,6413,5719,5804,5835,6055,6853,7569,6078,6408,6231,6007,5947,7995,8557,7190,6959,6182,6044,6352,6934,7517,6070,6025,6063,6250,6443,7322,7678,6619,6071,6094,5883,6445,7063,7771,6605,6179,5904,6037,6349,7675,8021,5670,5574,5655,6082,6805,7507,8869,6512,6079,6153,5965,6547,7470,8964,7862,6923,6726,7298,8028,8649,9687,9171,6818,6848,7941,8307,8861,8884,9029,7216,6264,6457,6973,8140,8185,7463,6553,6224,6168,6602,7308,8482,5410,5980,6228,5596,6703,6789,5852,5339,5986,5585,5800,5768,6693,5426,5300,5905,5868,5806,5890,7619,7976,6307,5824,5877,5891,6195,7137,5712,5885,6343,6112,5922,6504,7758,7747,7850,6722,6357,6090,6300,7180,6269,5520,6081,6228,6584,6663,8353,5876,5100,6196,6005,6524,7123,7715,7234,6547,6259,6686,6718,7679,8105,7443,6470,6348,6791,7006,8465,9115,8098,6362,6916,6714,6914,7699,8964,7427,6582,6211,6959,7254,8618,8833,7548,6739,6644,6812,8060,8249,8910,7786,6743,7091,6887,7772,8446,8883,7527,7534,6753,6898,7378,8335,8181,7657,7219,6339,7072,7788,8774,9006,7855,7305,7138,6932,7150,8445,8669,7666,6976,6832,7032,7158,7824,8378,7694,6782,6740,6439,6922,7931,7934,6695,6781,6333,6456,7733,8242,7083,6158,6260,6482,6634,7786,8099,7935,6493,6863,6358,7043,7440,8515,6661,6375,5993,6118,6155,7156,8711,5876,6142,5680,6035,6126,7217,8491,7117,6170,6110,6359,5812,6286,5746,5949,5553,5752,5793,5830,6931,8649,6359,5583,5698,5512,5873,7049,7280,5161,5440,5551,5743,6260,6898,7747,6199,5898,6477,6404,6767
7025,7984,8368,7004,7212,6971,6783,6754,7294,7987,7590,6327,6959,7423,8666,6356,6454,7308,6990,6664,6635,6548,7093,7992,7108,6585.053711,6463,6340,6824,6836,6891,6876,6028,6206,6419,6817,6920,7881,7450,6557,6998,7238,7421,8117,7300,7775,7730,6812,8056,7608,7864,8626,6373,6898,7099,6105,6223,6549,6313,6518,7538,7256,5152,5973,6236,6523,7000,8353,7315,5008,6746,6137,6280,6463,7641,6712,6200,6257,6339,6429,6579,7897,7189,6520,6482,6334,6470,6473,7655,7402,6429,6923,6419,6689,6798,8859,7646,7264,7054,6826,6619,6861,7696,7599,6443,6226,6432,7114,6911,8248,7821,6558,6612,6110,7087,6975,7689,7410,6554,6131,6456,6460,7080,8444,7332,6450,6044,5958,6200,7242,8216,8448,7208,6688,6263,6485,6657,8330,8584,8701,7790,6985,7226,7862,8476,8929,9128.709961,7024,6954,7904,8517,8794,8597,8812,6998,6823,6921,7216,8350,8354,7435,6851,6428,6538,7044,7689,7780,6272,6227,6087,6557,6965,6538,5623,4841,6421,6114,6370,6253,6542,5036,5247,6177,6139,6281,6685,7930,7690,6727,6205,6312,6283,6805,7802,5446,5600,6631,6268,6396,6901,8645,7191,7649,6687,6961,6279,6855,7733,5882,5464,6256,6622,6654,6812,8273,5848,5341,6390,6470,6911,7320,8283,7687,6707,6809,6874,7266,7875,7962,7887,6929,6928,7311,7554,8944,8458,8540,6818,7302,6818,7711,8617,9180,7977,6792,6960,7088,7678,8783,8742,7678,7054,7028,7146,8114,8583,8615,8389,7301,7074,7377,8312,8261,9044,7647,7648,7026,7460,8025,8919,9122,7306,7381,7194,7431,7777,8520,8546,8386,7404,7127,7327,7541,8802,8120,7776,7044,6882,7630,7799,8316,8260,7957,7225,7189,6899,7586,8415,7288,6085,7207,6118,6736,8164,8349,7864,6581,6461,6689,6727,8312,7793,8756,6310,7139,6998,7194,8163,8681,7237,6550,6205,6476,6483,8118,7374,6308,6353,6182,6484,6592,7796,8517,7676,6738,6485,6745,6588,7166,6077,6911,6435,6253,6481,6589,7847,8320,7091,6186,6439,6345,6354,7558,7329,5569,5942,6436,5938,6461,7460,7191,7099,6305,7146,7093,7992
8944,8972,9092,7086,7420,9062,7758,9187,8950,9301,7530,6117,9281,9373,8379,8318,6233,7315,7283,8466,8902,7927,8469,9135,7585,6476,8452,8613,8887,8697,8731,7406,5659,8081,8474,9075,9189,8888,7604,6953,8876,8954,9236,9178,7147,6695,7435,7523,7722,8515,9077,9130,9598,6033,6931,5942,8118,8882,8633,8776,8731,7120,6302,8225,8198,8833,8685,9729,6975,6453,8903,8531,9021,8280,9251,6972,5955,8793,8549,8740,8146,9172,7449,6581,8436,8878,8752,8579,9314,7658,6551,8546,8320,8625,8985,9141,7503,7239,8752,8908,8918,9063,9263,7714,6924,8641,8602,9710,8680,9439,7954,6614,8788,8196,8688,8540,9192,8487,6783,8078,8343,8391,9044,8641,7993,6569,6798,6261,6992,7488,8416,7851,7131,7011,6974,7217,7687,8645,8312,8571,8412,7182,7596,7866,8806,8332,8520,7317,7382,8293,8657,9072,8614,8728,7274,6911,7392,7637,8878,7136,7430,7168,6984,7071,7281,8103,7256,7236,6644,6817,6991,7311,6930,5632,5173,6057,5987,6516,6366,6719,4994,4786,6863,7060,6895,7253,8260,7451,6415,7117,6973,7069,7575,8030,5500,5543,7695,6948,7390,7714,9317,7258,7114,6413,7434,7172,7559,8345,5830,6148,6781,6949,6975,7648,9184,5465,5829,6883,6982,7428,7603,8509,8277,7498,6743,7495,7243,8767,7985,8376,7235,7309,7393,8114,9003,8102,8148,6883,7643,7941,8106,8857,9031,7666,7835,5947,7337,7961,9056,8731,7657,7456,7270,7719,7709,8878,8802,7769,7433,7329,7790,7733,8173,8775,7681,8209,7533,8389,7935,8771,9226,8433,7910,7299,7834,8346,8261,8134,7980,7307,7339.163086,7572,8061,8888,8278,7840,7336,7315,7558,7731,8856,7705,7530,7422,7217,6826,8212,8617,8112,6384,7556,7450,8062,8450,8159,6695,7031,7153,7348,7713,8802,8031,7145,7330,7383,7702,7722,8623,8061,6358,6945,7085,7179,7342,8659,8370,7123,7069,6606,7276,7298,8612,7863,7228,7722,7317,7314,7095,7871,5894,6667,6860,6766,6957,7395,8630,7893,7196,6945,6992,7390,7332,8377,7035,6726,6470,6979,6675,7153,8389,7258,6931,6549,8944,8469,9135
9504,10519,9390,7722,7824.570313,10386,8358,10061,9869,10093,7774,5492,9698,9463,8269,7420,7285,6857,6970,9128,9530,8601,9675,9776,7544,6065.960938,9032,8994,9201,9638,9174,7092,5509,9544,9425,9429,10133,8777,7362,6120,8667,9446,9135,9529,7759,6417,6395,8129,7929,9133,8378,9152,9580,6099,7148,5253,9188,9502,9735,9642,9357,6911,5820,9858,9283,9711,9490,9587,6921,5959,9171,8960,10389,8639,10419,7237,5944,9971,9330,9983,8723,10008,7492,6481,9057,9134,9701,9319,9700,7339,5398,9417,9338,9576,9076,9700,7683,7027,8433,9837,9439,9741,10244,7777,6956,9654,9289,10048,9547,10518,7691,6351,9558,6361.64209,9783,10232,9133,8076,7455,8668,9895,9360,10208,8763,7778,7002,9037,7573,9045,8659,8788,8137,7105,8536,8754,8615,9096,9372,8789,8207,9544,9083,9112,8229,9499,8615,8547,8767,9277,9458,9488,8918,7954,8278,9333,8249,9308,9549,9783,7177,7257,8480,8692,8507,8360,8262,7538,6774,8698,8414,8488,8142,7357,5405,5164,6506,6787,6744,7017,6922,5042,4942,6907,8597,8687,8695,9412,7078,7392,8441,8723,9027,8741,9290,5578,5523,9288,8857,9097,9435,9713,7492,7088,6113,8793,8783,9127,9133,5609,6057,8136,8458,8728,9140,9717,5422,6085,9023,8247,8785,9135,9742,8001,9006,8634,9121,8680,9823,7888,7858,8704,8658,8907,8959,9039,8004,8436,7172,8494,9210,9021,9650,9257,7601,9503,9237,8916,9209,9737,8547,7749,8518,8996,8816,9134,8681,8601,7993,8750,8690,8854,9043,9163,8603,7599,8985,9247,9537,8691,9209,8560,7748,9041,9027,8887,9218,8881,8601,7892,8990,8984,8782,8881,8848,8052,7600,7411,8771,8624,9121,8573,8716,8006,8673,9129,9206,9618,9327,7861,6479,8780,9081,9073,9089,8037,6399,8672,8925,8871,8880,9648,8030,7179,8986,8329,9062,9243,9895,8264,6639,8880,8862,8977,9331,8517,7715,7879,8959,8446,9063,9339,9555,7655,7382,8922,8853,8532,8430,9173,5782,5758,9060,8960,9067,8743,9810,7998,7499,9048,9434,8612,9424,9488,7599,7128,8444,8708,8846,8925,9537,7492,7148,8882,9504,9675,9776
10341,10241,9865,7662,7849,9898,7989,10165,10150,9515,7263,5611,9531,8930,9197,5252,7390,6745,6685,8908,8866,8612,9405,9604,7880,6372,9314,9679,9387,9429,8392,6988,5616,9525,9270,9523,9435,9201,7117,6739,8823,9284,9241,9180,8228,5788,5194,7229,8452,9334,8551,8766,9841,5352,7391,5153,9451,9755,9542.607422,9942,9107,6805,5680,9537,9200,9742,9661,9631,6804,5252,8915,9294,10239,9149,10353,6994,6381,9895,9190,10162,9553,10648,7405,6751,9938,9569,9341,9762,9945,7138,4298,9781,9166,9893,9208,9509,7328,6773,8637,10143,9814,10237,10044,7545,6341,9802,10099,9623,9904,9596,7254,6648,9997,10172,10450,10065,8945,7363,6383,9477,10055,9646,10090,9504,7347,6393,9051,9511,9657,9683,9684,7936,7171,9532,9698,9857,9332,9612,8725,8081,9580,9443,9281,9425,9046,8470,8518,9509,9793,9720,9653,9128,8358,8159,9821,8437,10171,10077,9742,7226,6664,9874,9433,8440,8701,8330,7696,6457,8920,8816,8619,9189,7545,5362,5252,6555,7038,7448,7046,7336,4894,5299,7256,9475,9418,9594,9291,7471,7331,8872,9064,9313,9351,9378,5880,5804,9799,9802,9404,9606,9766,6864,6811,5766.87793,9267,9498,9785,9492,5798,5862,8857,9534,8868,9435,10142,5542,5848,9461,8397,9440,9725,9688,7385,9491,9482,10058,9027,9560,7832,7743,9382,9761,9483,9664,8462,8365,8115,7137,7329,10185,9711,9638,9293,7571,10117,10162,10384,9753,9460,8183,7931,7991,9398,9445,9549,9678,8024,8617,9829,9251,9623,9292,9219,8313,7636,9444,8303,9855,8016,9313,8207,7236,9690,9942,9420,9212,9024,8468,7169,9307,9129,9498,9180,8887,8466,7426,8998,9180,9222,9553,9348,8408,8198,9411,9680,9566,9888,9273,8329,7152,9810,9229,9693,9059,8239,6359,9396,9728,9502,9549,10015,7558,6523,8842,9322,9160,9522,10423,7894,6214,9321,9658,9682,9377,9229,8043,7315,9917,9673,9752,10174,9533,7933,6770,9248,9561,9317,8572,9013,4977,5392,8692,9347,9408,8462,9695,7839,7166,9669,9803,9202,9848,10042,7007,6948,9213,9821,10014,9728,9855,6864,7391,9502,10341,9405,9604
9569,9753,8876,6435,5458,9327,7996,9210,9500,9028,6358,7040,8937,8505,9288,4784,6356,6145,6550,8845,7717,9264,8738,8582,6313,5144,9352,9251,9065,9166,7691,6306,5529,9418,8880,9055,9148,8785,6978,6110,7666,9998,8883,8629,7936,5858,4686,5919,8909,9101,8308,8385,8822,5220,7109,5764,8995,9263,9254,9223,8897,6282,5343,8688,8592,8890,7193,9280,6663,5330,9186,8717,9475,9096,9489,5867,5605,9251,8957,8907,9557,10085,6532,6157,9426,9363,8951,9718,8972,6498,3946,10249,9437,9552,9376,9935,6810,6450,8411,9323,10308,10254,9786,7397,5764,9226,9914,9467,9995,8449,7266,6242,9071,9126,10206,9726,8982,6634,6567,9484,9274,9129,9223,9898,6959,6365,9089,9970,9927,9592,9783,7322,7077,9250,9848,9965,8450,9624,7175,7466,10051,9897,9647,9640,9303,8274,6877,9844,9729,9336,9816,9215,7849,7024,10110,8867,10336,10127,9868,6494,6238,10132,9672,8588,8996,8695,6957,6329,8942,9305,9007,9470,7433,5409,5655,7005,7562,7364,7617,7493,4872,5253,7076,9343,9587,9588,9565,7790,6867,9532,10000,9525,10197,9544,5600,5720,9438,9621,9663,9831,9870,7399,6327,5451,9544,9725,9436,9241,5870,5643,9938,9045,8739,10101,9856,5683,5990,9350,9363,9798,9769,8943,7344,9527,9988,10307,9408,9912,7374,7451,9901,9875,7246,9681,9206,7608,6825.671875,5718,9365,10135,10053,9556,8455,7252,10189,10213,10666,9784,9413,8228,7547,8077,9216,9600,9730,9091,7478,7667,9924,9413,9688,9197,9119,7993,7299,9929,9956,10107,9658,9258,6683,7147,9744,9820,10017,9465,9128,8594,6967,9066,9365,9700,9540,9146,8422,7329,9531,9420,9382,9262,9557,7127,7323,10079,9338.542969,9752,9451,8230,8184,5924,9776,8570,9901,9155,7703,6704,9395,9874,9289.087891,9468,9752,7476,6981,9147,9551,9718,9380,10265,7580,6705,9549,9512,9781,9857,9589,7641,7250,9850,9881,9754,9658,9354,7741,6955,9584,9840,9786,8708,7818,4874,5266,8633,9014,9917,8280,8805,7524,7426,9179,9820,9281,9217,9856,6629,6237,9802,9254,9796,9874,10107,7399,7109,9755,9569,8738,8582
7336,8574,8522,5374,5594,6483,7868,6397,6982,7867,5427,6866,6191,7647,8582,5495,5489,5621,5167,6741,7719,7913,6333,7858,5454,4301,6293,7848,7390,6632,5538,5093,4928,6657,6268,7271,7714,8285,5653,4237,6698,7824,8397,7184,5792,6075,4737,4527,6868,7006,6840,7257,5581,3831,5911,4620,6449,6675,6321,7090,8323,5151,4764,5850,6449,6069,7673,8386,4905,4694,5566,6916,6259,7028,6858,4870,4708.512695,5815,7190,6062,7649,7608,5656,5623,6006,6566,6525,7175,7869,5509,3388,7310,7782,6966,8514,8770,6185,5165,6499,6556,7067,7054,8194,6760,5745,6444,7126,7463,8177,7867,6145,5676,6375,6014,6364,7445,8542,5729,5120,6543,6597,7250,6935,9166,6259,5442.614258,7908,9689,9581,9339,9489,6769,6413,9094,9115,9982,9089,9495,7283,6756,9614,9643,9652,9727,9075,6400,5788,8415,9390,9138,9657,9379,6833,6840,8983,8991,9420,9575,9952,5849,5871,8917,9185,8562,9186,9097,6296,6036,8981,9158,8888,8990,7417,5156,5897,7058,7327,7498,7694,7422,4899,5227,7314,7949,8695,9469,9184,6672,6807,9022,9674,9226,9610,9405,5336,5484,9925,9272,8953,9799,9366,6575,5913,5354,9089,9217,9654,9376,5680,5347,9075,9133,9516,9458,9887,5630,6159,8917,8874,9619,10185,9183,6877,9286,9419,9405,9225,9620,6825,6576,9650,9154,9965,9803,9270,6689,6827,4310,9429,9514,8650,8722,6719,6531,9536,9506,10089,9674,9455,7655,6911,9485,9807,9679,9452,9667,6808,6630,9923,9403,9707,9297,9483,6459,6613,9671,9638,9846,9618,9032,7686,7349,9544,9550,9652,9571,9253,6260,6142,8376,9433,9655,9436,9236,6546,6834,8461,9447,9429,9289,9465,6632,6564,9875,8335.773438,9860,9350,8601,6827,6413,8127,8496,9452,9084,7336,7881,9057,9434,9341,9561,9120,6542,7098,9697,9786,9515,9573,9641,6696,8019,9230,9489,9457,9467,9325,7207,6314,9194,9361,9328,9111,9610,6367,6424,9619,9459,9942,8627,9127,4489,7043,9001,9209,9047,8735,9442,7807,6870,8422,9757,9038,8863,9348,6248,5779,8944,8840,9055,9434,9846,6575,5911,9263,7336,6333,7858
5155,6247,5643,4539,5424,4351,6053,5175,5433,6389,4413,4970,4923,5934,7037,6647,4103,4412,4479,4840,4969,5332,6389,5170,4713,3625,4237,4778,5173,4618,4352,4130,3992,4526,5728,5203,4755,7465,4477,4645,5840,5605,5684,6195,4200,4888,5134,4167,4672,4886,5402,5357,3858,3331,5157,3757,4295,5040,4767,4938,6056,4494,3993,4149,4726,4967,6807,7037,4013,3809,4255,4697,4605,4499,5964,4204,4474,4083,4545,4904,5358,5874,4617,4396,4180,4982,5012,5069,6178,4503,3671,5174,4631,4832,6248,6412,4968,4884.241211,4525,4479,5168,5307,5767,5495,4843,4466,5059,5564,5802,6809,4748,4961,4250,5058,5182,5462,6709,4886,5224,4350,4573,5283,5369,7358,5056,4836,7725,6778,6922,8254,8885,5898,5307,7284,7180,7247,8859,8508,6199,6863,8063,7321,7545,8037,8655,5926,5453,5841,6340,8592,8193,8890,5750,6551,5981,7313,6669,6957,8438,5247,5419,6224,6666,8184,8096,8880,5438,5251,7094,7688,8162,8383,6937,4634,5675,6705,7009,7169,7134,6944,4340,4744,6862,6245,6410,6516,7554,5463,6057,5953,6436,6741,6639,7883,4945,5758,7317,6446,6876,7001,7626,5368,4689,4737,6607,6612,7581,7854,4981,5179,5830,6993,7969,7526,8686,5309,5994,6692,5821,7027,7584,9133,5532,6614,7346,7425,8383,8064,5781,6098,6851,7246,8723,8681,9078,5542,5566,3631,7377,6849,8413,9066,5753,6036,6704,7820,7539,8008,9022,6042,6336,8640,7824,8027,8812,9153,5868,6266,7124,7703,7702,8742,9030,5591,5945,9213,8069,8387,8869,8661,5672,6111,7008,7392,7547,9181,8694,5537,5784,7646,7788,7531,7728,9072,5569,6174,8733,7604,8053,8657,9111,5501,6480,7001,6551,8088,7891,9065,5534,5910,7250,7565,7175,8798,6889,6718,6800,7275,6913,7559,8119,6520,5986,6935,7550,8675,7732,8033,6262,6611,6131,6430,6766,7043,8657,5557,5918,6363,6580,6988,7328,7552,5450,5437,7553,7264,7109,7753,6043,3495,7065,7078,6586,6753,8073,9180,6357,5663,5947,6870,6978,7096,7377,5825,5304,5875,6519,6136,7275,8387,5368,5157,6675,5355,6389,5170
3548,4391,4403,4149,3837,3177,3874,3600,3981,4741,4219,3859,3216,4030,4861,6375,3426,3788,4023,3212,3385,3440,4043,4697,3908,3132,2538,3510,3879,3297,3248,3679,3299,3160,3860,3796,3740,4872,4094,4161,3516,4155,4081,4313,3929,5005,5101,3924,3679,3822,3930,4262,2781,2919,4625,2974,3094,3210,3532,3443,4061,3863,3388,2965,3254,3422,3729,4647,3498,3168,3454,3137,3397,3968,4590,3515,3629,3157,3174,3466,3880,4602,3871,3905,3075,3133,3718,3574,4552,3766,5640,3485,3331,3710,4110,6408,3852,3534,3440,3473,3963,3967,4763,4800,3845,3247,3354,3737,4438,5094,4270,3889,3293,3408,3887,3788,5007,3875,4099,3154,3360,3798,3754,4785,3805,4299,4249,4982,5542,5966,7579,5333,5013,4644,4607,5220,6764,6932,5456,6578,5473,5493,5323,5873,8015,5361,4852,4840,5268,5383,5746,7170,4882,5623,4225,5191,4958,5520,6130,4621,5044,4397,4911,5577,5885,6414,4779,4975,4452,5069,5316,5674,6601,4341,4879,5986,6282,6290,6205,6726,4318,5147,5055,4822,5260,5520,6080,4559,4945,4727,5013,4990,5817,6238,4503,5321,5263,5103,5947,6652,6239,4455,4273,4250,5648,5076,5651,6608,4450,4691,5136,5198,5880,6253,6955,5100,5825,5073,5822,5004,6410,7417,5162,5181,5364,5540,5975,6161,5103,5388,5139,5428,6131,6990,6952,4675,4663,3028,5249,5811,6021,7489,5092,5971,5260,5672,6256,6705,7673,5565,5785,5065,5533,6453,6521,8841,5145,5517,5434,5991,6065,6616,8374,4956,5581,6363,5711,6320,6947,8391,5282,5854,4982,5786,5865,7499,8741,5065,5891,5456,5820,6285,7249,8182,5449,5855,5374,5394,6952,6079,6860,5089,5769,5316,5191,5803,6345,6544,4807,5350,5535,5472,5853,7670,5910,5567,5179,5810,5714,6110,6719,5432,5157,4958,6032,8137,6129,6456,5471,5616,5111,5598,5537,5906,7103,4857,5276,4673,5314,5668,5869,6635,4388,4851,5338,5332,5928,5382,4342,2865,5402,4464,5634,5231,6957,7617,5398,4817,4558,4941,5344,5281,6389,4974,4612,3871,5289,4785,5810,6320,4455,4625,5040,5528,4043,4697
2998,3944,4133,4718,3771,2480,3062,2951,3186,3702,4822,2675,2645,3226,4278,5441,3052,3622,2786,2516,2704,3086,3254,3548,3892,4121,2528,2724,3251,2636,3016,3667,2528,2640,2936,3067,4404,3904,4460,3038,2680,3030,3430,3653,3475,4779,4140,3252,2826,3588,3218,3813,3335,2346,3820,2040,2437,2765,2679,2978,3287,3410,2351,2382,2970,2707,2862,3717,4038,2379,2580,2744,2818,2886,3558,3411,2569,2369,2562,2880,2827,3792,3681,2712,2426,2784,3222,3052,3584,3422,3506,3067,2957,3022,3304,4245,4265,2842,2653,2632,3030,2997,3627,4948,2951,2545,2783,3251,3096,3629,3814,2813,2600,2519,2724,3034,3711,3897,2984,2488,3083,2825,3075,3635,3481,3797,3180,4020,4424,4191,5022,4419,4825,3300,3882,4440,4280,5483,4805,5594,4113,3695,3993,4089,5588,3932,4186,3376,3696,3944,4393,5170,4249,5082,3228,3531,3728,4457,5453,4241,4481,3535,3637,3954,4214,6248,3948,4000,3351,3756,4012,4508,6727,3849,4963,3523,3905,3908,4409,5950,4072,4803,3760,3803,3802,4293,5118,4043,4330,3709,3943,3920,4783,4992,4135,4706,3805,3774,4036,4984,5166,3748,3820,3905,3639,3933,4178,5866,4053,4260,3717,3848,4206,4552,5383,4373,4896,3642,5203,5143,4711,5541,4571,4097,4080,4270,4614,5159,4494,4600,3915,4236,4180,5150,5493,3914,4127,2821,4161,4109,4593,5115,4317,4888,3988,4232,4408,5154,5710,4768,5405,3694,4432,4888,4967,5994,4679,4842,4063,4236,4450,4787,5890,4455,4931,4615,4261,4790,5054,6719,4890,5158,4145,4163,4722,5133,6387,4507,5214,4204,4278,4826,5124,5778,4603,5408,4103,4161,4894,4745,5325,4773,4911,3979,4126,4216,4516,5323,4251,4558,3674,4052,4271,5489,4657,4632,3710,4082,4236,4669,4914,4562,4515,3692,3955,5722,4456,4889,4335,4713,3452,3956,3777,4136,4920,4081,4408,3335,3573,3928,3927,5158,3929,4329,3772,3970,3725,3647,3701,2410,3744,3252,3709,3645,4346,5045,4845,3841,3248,3387,3861,3812,4696,3910,3587,3421,3268,3449,4082,4790,3748,3820,3210,3512,3254,3548
2287,2620,3296,3444,1980,2208,2405,2205,2331,3241,3131,1801,2180,2911,3213,3724,2725,2541,2024,1960,2282,2271,2262,3726,2888,3406,1874,2085,2375,2089,2767,3109,1937,2128,2543,2463,4008,3887,3728,2212,2506,2717,2878,3310,2759,3767,2921,2240,2448,2460,2339,3642,4043,1953,2738,1690,2011,2256,2277,2306,2940,2888,1830,1890,2256,2279,2317,2924,3221,1886,2198,2237,2344,2573,3002,2844,1842,1995,2058,2252,2648,3124,3690,1847,1939,2182,2283,2528,3454,2751,2146,2394,2340,2377,2680,3270,3041,2370,2234,2263,2228,2446,3222,3787,1986,1961,2590,2275,2467,3480,3362,2003,2100,2084,2209,2520,4080,3111,1869,2067,2220,2391,2528,3202,2754,2813,2706,3293,3720,3454,4349,3690,3285,2657,2944,3117,3532,4602,4554,3747,3118,3050,2937,3918,3949,3818,3100,2940,3090,3166,3330,3987,4090,3736,2765,3038,3626,3417,4290,3629,3495,2790,3119,3094,3331,3926,3546,3048,2800,3268,3102,3828,5572,3776,3697,2895,3000,3274,3457,4170,3737,4110,2778,3320,3054,3601,4148,3513,2981,2776,3201,3105,3534,4391,3513,3525,3130,3108,3289,3631,4192,3820,3408,3541,2841,3144,3233,4234,4153,3350,2880,3192,3262,3665,4590,4133,3936,2929,3290,4087,4148,4180,3958,3302,3135,3266,3519,3827,4094,4270,3278,3254,3665,4018,4425,3498,3508,2416,3255,3462,3292,4059,3865,4158,3236,3185,3506,4061,4462,4118,4097,3105,3356,3813,3907,4408,4264,4427,3235,3663,3711,3961,4559,4523,4674,3764,3299,3657,4039,4642,4412,3836,2968,3236,3778,4155,5119,4141,4298,3244,3599,3643,4188,5088,4581,4716,3246,3583,3610,4078,4604,4274,3704,3271,4001,3323,3529,4331,4308,3154,3048,2923,3311,4123,4017,3222,2880,3105,3197,3653,4024,4476,3061,2925,3031,3950,3675,4059,4254,3286,2574,2872,3139,3340,3879,3445,2968,2539,2836,3332,3132,4021,3531,3261,2845,2899,2944,2787,2952,2722.410889,2686,2478,2948,2767,3258,3719,4087,3570,2594,2832,2853,3400,3685,4214,3148,2670,2849,3044,3105,3657,3820,2738,2765,2722,2262,3726
2192,2296,2869,2587,1557,2140,2340,2189,2213,3054,2686,1375,2348,2887,2852,2599,1796,1741,1268,2007,2269,2303,2267,3140,2238,1444,2141,2213,2405,2365,2728,2477,1448,2159,2557,2393,2685,3143,2460,1464,2381,2687,2811,2812,2219,2252,1604,1571,1728,1672,1784,2251,2463,1519,1964,1247,2282,2307,2229,2330,2817,2021,1245,2035,1708.365234,2269,2422,2898,2274,1254,2097,2168,2188,2406,2888,1933,1342,2051,2072,2112,2253,2977,2073,1292,2065,2209,2163,2193,2797,2209,1436,2186,2229,2015,2468,2923,2198,1584,2096,2300,2348,2506,2899,2343,1273,1920,2177,2200,2230,2846,2223,1297,2106,2208,2414,2415,3021,2301,1338,2080,2271,2432,2414,3110,2400,2036,2127,2395,2571,2857,3958,4010,2248,2424,2478,2522,3139,4312,3117,2708,2599,2740,2449,2936,3165,3785,2094,2285,2429,2636,2780,3608,3862,2389,2388,2417,2424,2508.643066,3308,3179,2536,2324,2506,2563,2686,3199,3353,2217,2579,2371,2488,1941,3117,3425,2158,2182,2545,2468,2880,2818,3405,3655,2342,2697,2763,2870,3497,3385,2085,2308,2610,2455,2855,3038,3149,2364,2644,2557,2878,2788,3585,3276,3008,2607,2606,2587,2821,3050,3317,2804,2729,3081,3039,3291,3096,3313,2553,2589,4135,2983,3659,3607,3581,2609,2619,2592,2815,3817,3629,2156,2621,3036,3169,3448,3729,3016,2593,2518,3028,3019,2889,3341,3618,2691,2775,2757,3382,3328,4130,3510,3200,2873,3278,3253,3291,3753,3776,3460,2753,3104,3008,3567,3967,3900,3263,3451,3230,3163,3643,4021,3871,2749,3187,2759,3093,3327,4202,3787,3162,2708,2934,3094,3868,4078,3992,3894,2813,3159,2908,4250,3820,3407,2518,2705,2993,2666,3127,3859,3505,2410,2472,2686,2911,3769,3187,2181,2425,2798,2734,2791,4044,3879,2203,2956,2760,2475,2754,3304,3035,2266,2168,2485,2815,2752,4430,3002,2127,2252,2319,2471,2623,3720,2783,2282,2368,2393.474121,2891,2380,2743,2021,1804,2343,2441,2375,2557,3451,3689,2497,2204,2251,2346,2851,3079,2849,1937,2205,2309,2426,2798,3163,3276,1964,2256,2242,2267,3140
1184,1235,1732,1379,989,1110,1231,1106,1161,1539,1514,863,1213,1311,1443,1575,1078,1190,792,1117,1165,1156,1230,1515,1332,797,1027,1084,1163,1022,1415,1393,985,1143,1176,1223,1300,1768,1559,889,1311,1458,1483,1431,1355,1252,939,946,1020,1146,1266,1363,1180,965,1250,751,1142,1191,1152,1548,1491,1045,741,1151,1133,1218,1282,1473,1197,772,995,1255,1123,1294,1666,1251,747,1138,1059,1179,1180,1501,1202,717,1086,1301,1127,1176,1500,1442,796,1105,1245,1246,1320,1598,1601,996,1166,1179,1177,1382,1596,1325,771,1061,1218,1209,1261,1511,1295,828,1172,1182,1354,1335,1618,1572,757,1292,1306,1421,1434,1642,1288,1346,2142,2222,2275,2356,2961,2498,1366,2235,2271,2223,2532,3137,2207,1672,2435,2267,2403,2448,2774,2390,1398,2071,2122,2288,2131,3522,2334,1594,2262,2171,2260,2340,2164,2223,1542,1927,2158,2337,2389,2926,2060,1477,2257,2276,2391,2041,2484,2603,1744,1932,2123,2148,2366,2090,2389,1539,1890,2343,2151,2386,3208,2473,1659,2232,2274,2171,2382,2321,2185,1852,2282,2445,2303,2305,3212,2208,1896,1584,2255,2527,2406,2143,2735,1776,2353,2238,2556,2935,2437,2884,1645,2155,3120,2494,2559,2931,2439,2082,2137,2225,2269,3164,3056,2082,2317,2630,2725,2932,3365,2562,1906,3014,2310,2349,2499,3165,2522,1748,2286,2480,2473,2697,3771,2594,2461,2366,2707,2537,2750,3177,3638,2608,2506,2769,2599,2842,3219,2780,2113,2820,2393,2993,2927,3787,2795,1736,2403,2384,2915,2775,3154,2474,2150,2210,2237,2571,4057,3247,2505,2480,2904,2736,2574,4120,3066,2534,1706,2262,2353,2374,2828,3225,2424,1521,2384,2344,2986,3107,2378,1576,2201,2245,2322,2407,3485,2526,1507,3736,3658,2212,2472,2951,2324,1509,1946,2314,2270,2862,3540,2675,1469,1999,2024,2133,2413,2980,2074,1626,2057,2460,2149,2186,2552,1583,1405,2099,2054,2126,2405,2957,2466,1412,1969,1964,2263,2182,2634,2266,1260,2036,2002,2065,2243,2992,2207,1251,2307,1956,1231,1513
